File Name,Hash MD5,Hash SHA1,Directory Found,File Type,First 50-bytes of the Magic Numbers
File018,5bd7a1b4904acc6280e2c1924a627860,2881a4e443a0aab7839bdf5647e9438afbe8bf24,E:\Users\dchoi\Documents\File,PDF,25 50 44 46 2D 31 2E 35 0A 25 F6 E4 FC DF 0A 31 20 30 20 6F 62 6A 0A 3C 3C 0A 2F 54 79 70 65 20 2F 43 61 74 61 6C 6F 67 0A 2F 50 61 67 65 73 20 32 20
File022,dc76bac39b0b05024c5dc4e167430170,994bddfd345637ae2abcdd587fe884ccee627104,E:\Users\dchoi\Documents\File,PDF,25 50 44 46 2D 31 2E 37 0A 25 F6 E4 FC DF 0A 31 20 30 20 6F 62 6A 0A 3C 3C 0A 2F 50 61 67 65 73 20 32 20 30 20 52 0A 2F 54 79 70 65 20 2F 43 61 74 61
File066,597122e0437a3753b00487694f30de80,a99f8441c9dc40ce170c0b7e129caff0ee4206ea,E:\Users\dchoi\Documents\File,PDF,25 50 44 46 2D 31 2E 37 0A 25 E2 E3 CF D3 0A 36 20 30 20 6F 62 6A 0A 3C 3C 2F 46 69 6C 74 65 72 2F 46 6C 61 74 65 44 65 63 6F 64 65 2F 4C 65 6E 67 74
File084,0003f23eb36cf0145bb82e108295b143,c514b8f17c465ef3d259d44ba6af4295b568f802,E:\Users\dchoi\Documents\File,PDF,25 50 44 46 2D 31 2E 33 0A 25 E2 E3 CF D3 0A 31 20 30 20 6F 62 6A 0A 3C 3C 0A 2F 54 79 70 65 20 2F 50 61 67 65 73 0A 2F 43 6F 75 6E 74 20 33 33 0A 2F
File103,1f6d1bba0572b67079ce8b19f66377f4,310d4f9892781915a9b1a06be70a145e13089b8a,E:\Users\dchoi\Documents\File,PDF,25 50 44 46 2D 31 2E 34 0A 25 F6 E4 FC DF 0A 31 20 30 20 6F 62 6A 0A 3C 3C 0A 2F 54 79 70 65 20 2F 43 61 74 61 6C 6F 67 0A 2F 56 65 72 73 69 6F 6E 20
File114,9b702a3a329410a22d2877816ece84c5,83e2b181ad279115050e23bce261ddd082f1b650,E:\Users\dchoi\Documents\File,PDF,25 50 44 46 2D 31 2E 33 0A 25 E2 E3 CF D3 0A 31 20 30 20 6F 62 6A 0A 3C 3C 0A 2F 54 79 70 65 20 2F 50 61 67 65 73 0A 2F 43 6F 75 6E 74 20 32 30 0A 2F
File123,bd0ea60d14eea5566361109dc08af4ae,e84d7eedce3c34193739ab5f41af545a56467971,E:\Users\dchoi\Documents\File,PDF,25 50 44 46 2D 31 2E 35 0D 0A 25 B5 B5 B5 B5 0D 0A 31 20 30 20 6F 62 6A 0D 0A 3C 3C 2F 54 79 70 65 2F 43 61 74 61 6C 6F 67 2F 50 61 67 65 73 20 32 20
File129,321ae2c8ccc6a16073c16910ec598891,c0ec1fdf59c40d422a2fc1d63bc7fb23c845db7a,E:\Users\dchoi\Documents\File,PDF,25 50 44 46 2D 31 2E 33 0A 25 E2 E3 CF D3 0A 31 20 30 20 6F 62 6A 0A 3C 3C 0A 2F 54 79 70 65 20 2F 50 61 67 65 73 0A 2F 43 6F 75 6E 74 20 31 39 0A 2F
File132,d0787c3ca7aab644472e1a015c23597c,7c0efa4720977994df80da127d1f3fd7f278d197,E:\Users\dchoi\Documents\File,PDF,25 50 44 46 2D 31 2E 36 0D 25 E2 E3 CF D3 0D 0A 34 33 31 20 30 20 6F 62 6A 0D 3C 3C 2F 4C 69 6E 65 61 72 69 7A 65 64 20 31 2F 4C 20 35 38 38 31 35 32
File135,14ca718fd2c6718e4a31472da950627a,363e3fb566ee15d4f4a5c35ceefbd5d1a5343f03,E:\Users\dchoi\Documents\File,PDF,25 50 44 46 2D 31 2E 37 0D 25 E2 E3 CF D3 0D 0A 31 20 30 20 6F 62 6A 0A 3C 3C 2F 41 63 72 6F 46 6F 72 6D 20 35 20 30 20 52 2F 4C 61 6E 67 28 65 6E 29
File138,302b502d4e62ce9364d06014e544c095,418baca3e862279dd832d4489d6a82d8665168ba,E:\Users\dchoi\Documents\File,PDF,25 50 44 46 2D 31 2E 37 0A 25 E2 E3 CF D3 0A 31 20 30 20 6F 62 6A 0A 3C 3C 2F 43 6F 6C 6F 72 53 70 61 63 65 2F 44 65 76 69 63 65 47 72 61 79 2F 53 75
File156,8e984f349c1855d2ac331a822f548ddd,a8a0da335bc884d7c7314719036f326c92233995,E:\Users\dchoi\Documents\File,PDF,25 50 44 46 2D 31 2E 37 0A 25 F6 E4 FC DF 0A 31 20 30 20 6F 62 6A 0A 3C 3C 0A 2F 54 79 70 65 20 2F 43 61 74 61 6C 6F 67 0A 2F 50 61 67 65 73 20 32 20
File182,adc7a2cddbfa9080df9a9bce33153410,7774fd6a224c351c149d5db71d5c40fcfa762bf1,E:\Users\dchoi\Documents\File,PDF,25 50 44 46 2D 31 2E 34 0D 25 E2 E3 CF D3 0D 0A 31 32 31 33 20 30 20 6F 62 6A 0D 3C 3C 2F 4C 69 6E 65 61 72 69 7A 65 64 20 31 2F 4C 20 34 39 30 38 36
File199,fd3900a6c106515c2db20b09720c7b3d,cf4cfbf3c7f8db99bedb4b58242b5a93f2e24408,E:\Users\dchoi\Documents\File,PDF,25 50 44 46 2D 31 2E 37 0D 0A 25 B5 B5 B5 B5 0D 0A 31 20 30 20 6F 62 6A 0D 0A 3C 3C 2F 54 79 70 65 2F 43 61 74 61 6C 6F 67 2F 50 61 67 65 73 20 32 20
File209,76909cea13b5097b22a7faa800652758,fc407e7e35ab2470cc9228bacc41394a169a6fd5,E:\Users\dchoi\Documents\File,PDF,25 50 44 46 2D 31 2E 33 0A 25 E2 E3 CF D3 0A 31 20 30 20 6F 62 6A 0A 3C 3C 0A 2F 54 79 70 65 20 2F 50 61 67 65 73 0A 2F 43 6F 75 6E 74 20 31 34 0A 2F
File008,75c7e160e5e35d778df5907c2c94dbd0,8a8b3c46ff4cb34085de75c055c43f3cc043cc1c,E:\Users\dchoi\Documents\File,PNG,89 50 4E 47 0D 0A 1A 0A 00 00 00 0D 4C 45 4E 5A 00 00 03 88 00 00 04 EC 08 06 00 00 00 C2 72 AC 0C 00 01 00 00 49 44 41 54 78 9C EC FD 79 9C 6D D9 75
File009,dcff3b11da469dab3029d65b9a9a026d,08c81c41b9bba9ec78f908a770a2144ddca93ab3,E:\Users\dchoi\Documents\File,PNG,89 50 4E 47 0D 0A 1A 0A 00 00 00 0D 49 48 44 52 00 00 03 88 00 00 04 EC 08 06 00 00 00 C2 72 AC 0C 00 01 00 00 49 44 41 54 78 9C EC FD 59 93 24 39 92
File019,9d5089314e21bb5001c52cb6228d9e0a,ac7b220cbe0494f89ce685d7cbed849f2f992b73,E:\Users\dchoi\Documents\File,PNG,89 50 4E 47 0D 0A 1A 0A 00 00 00 0D 49 48 44 52 00 00 03 88 00 00 04 EC 08 06 00 00 00 C2 72 AC 0C 00 01 00 00 49 44 41 54 78 9C EC FD 79 B0 25 D7 79
File036,a272e6b746211b62152db107c265ec14,9720f66f73dcbe0ab836b55ed8e8ca6ff343744a,E:\Users\dchoi\Documents\File,PNG,89 50 4E 47 0D 0A 1A 0A 00 00 00 0D 49 48 44 52 00 00 03 88 00 00 04 EC 08 06 00 00 00 C2 72 AC 0C 00 01 00 00 49 44 41 54 78 9C EC FD 69 B0 65 59 76
File041,6f821e51b6c6f33e1768187ddd1fba46,9d978cfbbe2db83aa8c852ec6955ddbf1969e504,E:\Users\dchoi\Documents\File,PNG,89 50 4E 47 0D 0A 1A 0A 00 00 00 0D 49 48 44 52 00 00 03 88 00 00 04 EC 08 06 00 00 00 C2 72 AC 0C 00 01 00 00 49 44 41 54 78 9C EC FD E9 92 24 4B 92
File059,ebc5f89869f7306fe420ca02a9677f9f,d8096c532ab21c705c08de6304672f2a0e6def72,E:\Users\dchoi\Documents\File,PNG,89 50 4E 47 0D 0A 1A 0A 00 00 00 0D 49 48 44 52 00 00 03 88 00 00 04 EC 08 06 00 00 00 C2 72 AC 0C 00 01 00 00 49 44 41 54 78 9C EC FD E9 B3 6D 49 76
File068,4f81b658e6cc40fbf7c4664e14b24a29,6dc6d6c0568f695a24a42fcedfcb2409aa550654,E:\Users\dchoi\Documents\File,PNG,89 50 4E 47 0D 0A 1A 0A 00 00 00 0D 49 48 44 52 00 00 03 88 00 00 04 EC 08 06 00 00 00 C2 72 AC 0C 00 01 00 00 49 44 41 54 78 9C EC FD 59 AF 24 4B 92
File069,314de58ba4408e243fc5e7f691014c26,96deb65cd007cbcf829b7ff81e5629b03cd87907,E:\Users\dchoi\Documents\File,PNG,89 50 4E 47 0D 0A 1A 0A E0 00 10 4A 46 49 46 00 01 01 00 00 01 00 01 00 00 FF DB 00 43 00 08 06 06 07 06 05 08 07 07 07 09 09 08 0A 0C 14 0D 0C 0B 0B
File070,4effb217ca55d93bb55192693ef0ee9c,72acaa872934217c3fc370c361a21e22853c6565,E:\Users\dchoi\Documents\File,PNG,89 50 4E 47 0D 0A 1A 0A 00 00 00 0D 49 48 44 52 00 00 03 88 00 00 04 EC 08 06 00 00 00 C2 72 AC 0C 00 01 00 00 49 44 41 54 78 9C EC FD 49 B3 65 4B 76
File072,5956a153b3144e3256047ab8eead83e5,463c9c107e470c360e75f5e7e569bd6c3a4ae9e1,E:\Users\dchoi\Documents\File,PNG,89 50 4E 47 0D 0A 1A 0A 00 00 00 0D 49 48 44 52 00 00 03 88 00 00 04 EC 08 06 00 00 00 C2 72 AC 0C 00 01 00 00 49 44 41 54 78 9C EC FD 69 97 25 C9 71
File098,e23a82888ff953e592c9935f447348e7,78146598cdd205e741b122cf067352b1d7ec9cb7,E:\Users\dchoi\Documents\File,PNG,89 50 4E 47 0D 0A 1A 0A 00 00 00 0D 49 48 44 52 00 00 03 88 00 00 04 EC 08 06 00 00 00 C2 72 AC 0C 00 01 00 00 49 44 41 54 78 9C EC FD 69 AC 6D DB 75
File105,2e8f9dd9eacb56032b79a06250e949a6,1f7d9c86df7456e49ea0bc11e8a6a86c4c07923c,E:\Users\dchoi\Documents\File,PNG,89 50 4E 47 0D 0A 1A 0A 00 00 00 0D 49 48 44 52 00 00 03 88 00 00 04 EC 08 06 00 00 00 C2 72 AC 0C 00 01 00 00 49 44 41 54 78 9C EC FD F9 93 24 5B 76
File108,2083b7845475c50f4d3d0ce43abddf47,90f76c4eefb5140ed52e3cb09aa9dafe54e90501,E:\Users\dchoi\Documents\File,PNG,89 50 4E 47 0D 0A 1A 0A 00 00 00 0D 49 48 44 52 00 00 03 88 00 00 04 EC 08 06 00 00 00 C2 72 AC 0C 00 01 00 00 49 44 41 54 78 9C EC FD E9 B2 2C 49 92
File125,b4eb8e22a873e2bff9a2c056c20da979,e182a3a956d31cf17eae094508ecda51bdf0f9b3,E:\Users\dchoi\Documents\File,PNG,89 50 4E 47 0D 0A 1A 0A 00 00 00 0D 49 48 44 52 00 00 03 88 00 00 04 EC 08 06 00 00 00 C2 72 AC 0C 00 01 00 00 49 44 41 54 78 9C EC FD 67 B4 65 C9 75
File126,eff3a759ab08c2c95fdba8c3cde7c1f8,2515298c9ac3310c0edada1f005041b1dacc8750,E:\Users\dchoi\Documents\File,PNG,89 50 4E 47 0D 0A 1A 0A 00 00 00 0D 49 48 44 52 00 00 03 88 00 00 04 EC 08 06 00 00 00 C2 72 AC 0C 00 01 00 00 49 44 41 54 78 9C EC FD 77 B0 25 C9 79
File136,31bbd83292460bdfb30a7bd9ff9aaf4b,369cc313e0ff83e79e030eb69673e2287386f3d8,E:\Users\dchoi\Documents\File,PNG,00 00 00 0D 49 48 44 52 00 00 03 88 00 00 04 EC 08 06 00 00 00 C2 72 AC 0C 00 01 00 00 49 44 41 54 78 9C EC FD 5B B3 24 49 92 1E 88 7D AA 66 EE 1E 71
File143,cef114c5875ba465fbdcb7dc7b297a42,b0e30d82001184e7373b2576fc229609046f104f,E:\Users\dchoi\Documents\File,PNG,FF D8 FF 00 00 00 0D 49 48 44 52 00 00 03 88 00 00 04 EC 08 06 00 00 00 C2 72 AC 0C 00 01 00 00 49 44 41 54 78 9C EC FD 59 93 24 49 92 26 88 7D CC 22
File184,edf9fd64840aca234a2cf40acd08026d,6faea83b19c6cbd392abe6df9c6fc0d10570d67b,E:\Users\dchoi\Documents\File,PNG,89 50 4E 47 0D 0A 1A 0A 00 00 00 0D 49 48 44 52 00 00 03 88 00 00 04 EC 08 06 00 00 00 C2 72 AC 0C 00 01 00 00 49 44 41 54 78 9C EC FD F9 8F 24 5B 96
File190,2ebe5a3b54f71e08d247aaacd9536fc7,aef536ba6dd1c9f499815a869340642f8a1a7d2a,E:\Users\dchoi\Documents\File,PNG,89 50 4E 47 0D 0A 1A 0A 00 00 00 0D 49 48 44 52 00 00 03 88 00 00 04 EC 08 06 00 00 00 C2 72 AC 0C 00 01 00 00 49 44 41 54 78 9C EC FD E9 B3 6D C7 75
File200,cb98f5f2982feefd5e6d9fca98bb7e39,c5c554b41d7005dafdbfc89c4f4b776331cabc48,E:\Users\dchoi\Documents\File,PNG,4D 5A 00 00 00 0D 49 48 44 52 00 00 03 88 00 00 04 EC 08 06 00 00 00 C2 72 AC 0C 00 01 00 00 49 44 41 54 78 9C EC FD 59 B3 64 49 92 1E 88 7D AA 6A 76
File218,bb84661af617931ba5b294a8737c421d,76a256f4ddd4584f562af45a06ba9952434d1671,E:\Users\dchoi\Documents\File,PNG,89 50 4E 47 0D 0A 1A 0A 00 00 00 0D 49 48 44 52 00 00 03 88 00 00 04 EC 08 06 00 00 00 C2 72 AC 0C 00 01 00 00 49 44 41 54 78 9C EC FD 69 B0 6D C9 75
7a6910cf1ebd7ada980e693505bdd0cf0599db763360b2153a002d8b35e50ca3,5d77d177fd22f461a691c3e024c5141b,c69f240e5a0656921073ed87755b0e2ad308d826,E:\Users\dchoi\AppData\Local\Packages\Microsoft.Windows.ContentDeliveryManager_cw5n1h2txyewy\LocalState\Assets,JPEG,FF D8 FF E0 00 10 4A 46 49 46 00 01 01 01 00 48 00 48 00 00 FF E1 00 DA 45 78 69 66 00 00 4D 4D 00 2A 00 00 00 08 00 07 01 12 00 03 00 00 00 01 00 01
d6133bc6a124da705e96d9a780816e9057e9bc847cb20e1d479dd349f2600ff8,c74fe21914a566f0c05ed1950b0768a4,3a5d02442c35233edd668631aad71693c69b63a0,E:\Users\dchoi\AppData\Local\Packages\Microsoft.Windows.ContentDeliveryManager_cw5n1h2txyewy\LocalState\Assets,JPEG,FF D8 FF E0 00 10 4A 46 49 46 00 01 01 01 00 00 00 00 00 00 FF DB 00 43 00 04 02 03 03 03 02 04 03 03 03 04 04 04 04 05 09 06 05 05 05 05 0B 08 08 06
File045,6d8f6f9f0df51f804f0d9e706373d881,1a4ac39badd635bb1a9e764a70e72fa901b3c98d,E:\Users\dchoi\Documents\File,JPEG,FF D8 FF E1 00 10 4A 46 49 46 00 01 01 00 00 01 00 01 00 00 FF DB 00 43 00 08 06 06 07 06 05 08 07 07 07 09 09 08 0A 0C 14 0D 0C 0B 0B 0C 19 12 13 0F
File052,a978b63e14d67b4d8a9625655adb3838,2aebfa2cce4c9a5498dc9541bee9cb27cce887ab,E:\Users\dchoi\Documents\File,JPEG,FF D8 FF E0 00 10 4A 46 49 46 00 01 01 00 00 01 00 01 00 00 FF DB 00 43 00 08 06 06 07 06 05 08 07 07 07 09 09 08 0A 0C 14 0D 0C 0B 0B 0C 19 12 13 0F
File053,b7bbbb113e2913b4d54d17b47ec11308,e7840553b64fad9bab39e0c5a138e21a18d313ee,E:\Users\dchoi\Documents\File,JPEG,FF D8 FF E0 00 10 4A 46 49 46 00 01 01 00 00 01 00 01 00 00 FF DB 00 43 00 08 06 06 07 06 05 08 07 07 07 09 09 08 0A 0C 14 0D 0C 0B 0B 0C 19 12 13 0F
File073,614cf260d4d13d5ffb6f947cc806d671,8082d965f637e78065d417dcf7c42915e7cbb988,E:\Users\dchoi\Documents\File,JPEG,FF D8 FF E0 00 10 4A 46 49 46 00 01 01 00 00 01 00 01 00 00 FF DB 00 43 00 08 06 06 07 06 05 08 07 07 07 09 09 08 0A 0C 14 0D 0C 0B 0B 0C 19 12 13 0F
File078,2431f8e75577a0e57896d66782cb9890,11df096f561dcf067384125730ea9c354217abef,E:\Users\dchoi\Documents\File,JPEG,FF D8 FF E0 00 10 4A 46 49 46 00 01 01 00 00 01 00 01 00 00 FF DB 00 43 00 08 06 06 07 06 05 08 07 07 07 09 09 08 0A 0C 14 0D 0C 0B 0B 0C 19 12 13 0F
File089,905363c4abd5f39bc6f98ff3e25b0281,3eea1966f23ac6499d0cb9a013a1d14fa1919fca,E:\Users\dchoi\Documents\File,JPEG,FF D8 FF E0 00 10 4A 46 49 46 00 01 01 00 00 01 00 01 00 00 FF DB 00 43 00 08 06 06 07 06 05 08 07 07 07 09 09 08 0A 0C 14 0D 0C 0B 0B 0C 19 12 13 0F
File090,3e736f0149faed08b112e43245750aa8,20c0b1492e950b392bf8088f673a5bb9072983cc,E:\Users\dchoi\Documents\File,JPEG,FF D8 FF E0 00 10 4A 46 49 46 00 01 01 00 00 01 00 01 00 00 FF DB 00 43 00 08 06 06 07 06 05 08 07 07 07 09 09 08 0A 0C 14 0D 0C 0B 0B 0C 19 12 13 0F
File097,d9b96769f85876192c5efcfa556ab7f4,fe10fede7cc3507280bc6913686a0488224abf47,E:\Users\dchoi\Documents\File,JPEG,FF D9 FF E0 00 10 4A 46 49 46 00 01 01 00 00 01 00 01 00 00 FF DB 00 43 00 08 06 06 07 06 05 08 07 07 07 09 09 08 0A 0C 14 0D 0C 0B 0B 0C 19 12 13 0F
File107,62b5f962ab419a0e7d39693a47f6f8cf,85f3663b76b7a5cf7a6a7509c92bfbffc574a15f,E:\Users\dchoi\Documents\File,JPEG,FF D8 FF E0 00 10 4A 46 49 46 00 01 01 00 00 01 00 01 00 00 FF DB 00 43 00 08 06 06 07 06 05 08 07 07 07 09 09 08 0A 0C 14 0D 0C 0B 0B 0C 19 12 13 0F
File113,8019c9631f622de19c81a3e19df8b4ed,eb7d1a333bc894fb8c1a9afa2f70768246f9fa0c,E:\Users\dchoi\Documents\File,JPEG,FF D8 FF E0 00 10 4A 46 49 46 00 01 01 00 00 01 00 01 00 00 FF DB 00 43 00 08 06 06 07 06 05 08 07 07 07 09 09 08 0A 0C 14 0D 0C 0B 0B 0C 19 12 13 0F
File124,d2183bc6bc61647833e480df21079df5,eeb2d7a4366130e5523204e5e85832c7a0b2d5be,E:\Users\dchoi\Documents\File,JPEG,FF D8 FF E0 00 10 4A 46 49 46 00 01 01 00 00 01 00 01 00 00 FF DB 00 43 00 08 06 06 07 06 05 08 07 07 07 09 09 08 0A 0C 14 0D 0C 0B 0B 0C 19 12 13 0F
File127,07167ed9288a6fb574bbb0ad229bf1b0,ce30a350e536ad0ae9af5f625a0213d6fbdd8e6b,E:\Users\dchoi\Documents\File,JPEG,FF D8 FF E0 00 10 4A 46 49 46 00 01 01 00 00 01 00 01 00 00 FF DB 00 43 00 08 06 06 07 06 05 08 07 07 07 09 09 08 0A 0C 14 0D 0C 0B 0B 0C 19 12 13 0F
File133,89e432c568ecd36d5136ce58c923eb9a,0d7e846937431043925526e882e17ca758adb83d,E:\Users\dchoi\Documents\File,JPEG,FF D8 FF E0 00 10 4A 46 49 46 00 01 01 00 00 01 00 01 00 00 FF DB 00 43 00 08 06 06 07 06 05 08 07 07 07 09 09 08 0A 0C 14 0D 0C 0B 0B 0C 19 12 13 0F
File140,f83e3fd9b34363578c2128dc3eac6f01,64d091ad38f3289dcdaac720635577f1fabbcea6,E:\Users\dchoi\Documents\File,JPEG,FF D8 FF E0 00 10 4A 46 49 46 00 01 01 00 00 01 00 01 00 00 FF DB 00 43 00 08 06 06 07 06 05 08 07 07 07 09 09 08 0A 0C 14 0D 0C 0B 0B 0C 19 12 13 0F
File152,d647f67138863d8bf85b246774392709,c5eec9ec4683f0eafa40897a37d7d88b52fc21a6,E:\Users\dchoi\Documents\File,JPEG,FF D8 FF E0 00 10 4A 46 49 46 00 01 01 00 00 01 00 01 00 00 FF DB 00 43 00 08 06 06 07 06 05 08 07 07 07 09 09 08 0A 0C 14 0D 0C 0B 0B 0C 19 12 13 0F
File163,0691b1534a7b7dfa1f311471d386d105,68623a4e28d08d0de4e03b9089981c77563d58ba,E:\Users\dchoi\Documents\File,JPEG,FF D8 FF E0 00 10 4A 46 49 46 00 01 01 00 00 01 00 01 00 00 FF DB 00 43 00 08 06 06 07 06 05 08 07 07 07 09 09 08 0A 0C 14 0D 0C 0B 0B 0C 19 12 13 0F
File205,eae001e9a70c97bb5a2e6f17849c1d12,72cc668b05bac25159ee0198ce375b4358ab375c,E:\Users\dchoi\Documents\File,JPEG,FF D8 FF E0 00 10 4A 46 49 46 00 01 01 00 00 01 00 01 00 00 FF DB 00 43 00 08 06 06 07 06 05 08 07 07 07 09 09 08 0A 0C 14 0D 0C 0B 0B 0C 19 12 13 0F
File214,3938baaa0bb6e35e2420178db164cb3d,03ad96e61cf716ff65919902d92c5cff197eee2f,E:\Users\dchoi\Documents\File,JPEG,FF D8 FF E0 00 10 4A 46 49 46 00 01 01 00 00 01 00 01 00 00 FF DB 00 43 00 08 06 06 07 06 05 08 07 07 07 09 09 08 0A 0C 14 0D 0C 0B 0B 0C 19 12 13 0F
File219,e87decf883153221f84d73f70bb2f53b,043296334c60c14c8be4fce8b1a4bb962847581a,E:\Users\dchoi\Documents\File,JPEG,FF D8 FF E0 00 10 45 58 49 46 00 01 01 00 00 01 00 01 00 00 FF DB 00 43 00 08 06 06 07 06 05 08 07 07 07 09 09 08 0A 0C 14 0D 0C 0B 0B 0C 19 12 13 0F
File006,17bbcf874c7ef4315dc7114f020c46e6,7133fe4d816c890e44c4c78b58a6c8681ac874b0,E:\Users\dchoi\Documents\File,ZIP,50 4B 03 04 0A 00 00 00 00 00 00 00 21 00 FF FF FF FF 11 02 00 00 11 02 00 00 10 00 00 00 5B 74 72 61 73 68 5D 2F 30 30 30 30 2E 64 61 74 FF FF FF FF
File007,9184f89abe4a76d7a312312396473c2c,44e9c9a846f09707c247e4d4d4a3087c8574b4f1,E:\Users\dchoi\Documents\File,ZIP,50 4B 03 04 14 00 06 00 08 00 00 00 21 00 D4 A2 46 3F D9 01 00 00 EC 09 00 00 13 00 D3 01 5B 43 6F 6E 74 65 6E 74 5F 54 79 70 65 73 5D 2E 78 6D 6C 20
File010,df23a5f65a651a5368a1f4c68b4537fc,fa74b7d0e1cec72539108a3cd9fc2bac6a7210e3,E:\Users\dchoi\Documents\File,ZIP,50 4B 03 04 14 00 06 00 08 00 00 00 21 00 3C F3 21 F4 57 02 00 00 9F 16 00 00 13 00 C0 01 5B 43 6F 6E 74 65 6E 74 5F 54 79 70 65 73 5D 2E 78 6D 6C 20
File011,aa4fe812dc7a13e684d33bb70f3e4265,69c37b69b78a41efd19eea6d67b4b9b3eea1aa38,E:\Users\dchoi\Documents\File,ZIP,50 4B 03 04 0A 00 00 00 00 00 00 00 21 00 FF FF FF FF 0F 02 00 00 0F 02 00 00 10 00 00 00 5B 74 72 61 73 68 5D 2F 30 30 30 30 2E 64 61 74 FF FF FF FF
File012,cd7a8a6e473ca1693ae557da91650b8b,94158316e899691b587a346e5a5e5df2d6fcf437,E:\Users\dchoi\Documents\File,ZIP,50 4B 03 04 14 00 06 00 08 00 00 00 21 00 04 E8 63 06 F7 01 00 00 9B 0A 00 00 13 00 08 02 5B 43 6F 6E 74 65 6E 74 5F 54 79 70 65 73 5D 2E 78 6D 6C 20
File014,79c0374c3dc8abfddac0c302d0330529,9ba252ab7303b9dbd6df8aab350e88da7f43fc1d,E:\Users\dchoi\Documents\File,ZIP,50 4B 03 04 14 00 06 00 08 00 00 00 21 00 E4 A7 B0 6F EB 01 00 00 35 0D 00 00 13 00 08 02 5B 43 6F 6E 74 65 6E 74 5F 54 79 70 65 73 5D 2E 78 6D 6C 20
File017,c374b2cac48b3b80144865fa7f181c2e,421b51dc3fd04041d3bac7434174e80f708b056d,E:\Users\dchoi\Documents\File,ZIP,50 4B 03 04 0A 00 00 00 00 00 00 00 21 00 FF FF FF FF 0D 02 00 00 0D 02 00 00 10 00 00 00 5B 74 72 61 73 68 5D 2F 30 30 30 30 2E 64 61 74 FF FF FF FF
File030,da3fc8e4d769d1655552f9c000312c67,d4e97f94ed56361255d38a8559758e98b36324fb,E:\Users\dchoi\Documents\File,ZIP,50 4B 03 04 0A 00 00 00 00 00 00 00 21 00 FF FF FF FF 64 02 00 00 64 02 00 00 10 00 00 00 5B 74 72 61 73 68 5D 2F 30 30 30 30 2E 64 61 74 FF FF FF FF
File031,18ae60e913174c448c66c4bb674936e7,10d5a709306eb512560ddbe30e601a9e9008cf9e,E:\Users\dchoi\Documents\File,ZIP,50 4B 03 04 14 00 06 00 08 00 00 00 21 00 98 84 F0 A8 EB 01 00 00 22 0A 00 00 13 00 CA 01 5B 43 6F 6E 74 65 6E 74 5F 54 79 70 65 73 5D 2E 78 6D 6C 20
File032,93048e6c41c1e52a2be85096b8df6614,5db12a5ec83b30e7b4d690f60159afd7e027fe04,E:\Users\dchoi\Documents\File,ZIP,50 4B 03 04 14 00 06 00 08 00 00 00 21 00 E6 79 A3 97 BA 01 00 00 7D 0D 00 00 13 00 08 02 5B 43 6F 6E 74 65 6E 74 5F 54 79 70 65 73 5D 2E 78 6D 6C 20
File033,8f037af809f60b33d6325be04e7e2747,a94507bb7a4c6b0ee11b752d8b385d215ce34473,E:\Users\dchoi\Documents\File,ZIP,43 44 30 30 14 00 06 00 08 00 00 00 21 00 AA F7 58 A4 79 01 00 00 14 06 00 00 13 00 08 02 5B 43 6F 6E 74 65 6E 74 5F 54 79 70 65 73 5D 2E 78 6D 6C 20
File035,0c5393a75584590513c78674fa3f0d6f,09671885a19250f7c5512043ea3816b174e150e5,E:\Users\dchoi\Documents\File,ZIP,50 4B 03 04 14 00 00 00 08 00 00 00 21 00 61 0D D4 92 42 02 00 00 75 14 00 00 13 00 00 00 5B 43 6F 6E 74 65 6E 74 5F 54 79 70 65 73 5D 2E 78 6D 6C CC
File037,10c891b8ebc12cc4066af9a675d637e0,295cbc82d0451974ed79e2f19c79be35861d6fb0,E:\Users\dchoi\Documents\File,ZIP,50 4B 03 04 0A 00 00 00 00 00 00 00 21 00 FF FF FF FF 35 02 00 00 35 02 00 00 10 00 00 00 5B 74 72 61 73 68 5D 2F 30 30 30 30 2E 64 61 74 FF FF FF FF
File043,43e1b1fb5bcd16c937b0da2c4a6e540c,661d2ddf9bd727de31c653aba3edd83c19e0959a,E:\Users\dchoi\Documents\File,ZIP,50 4B 03 04 14 00 02 00 08 00 4A 24 76 59 FB 70 55 3B 11 53 00 00 49 4E 03 00 11 00 11 00 77 6F 72 64 2F 64 6F 63 75 6D 65 6E 74 2E 78 6D 6C 55 54 0D
File055,386812055de7c60fd297046a661ffd76,7e5659b43870dffc2bc7e1cebaf5aab028085d4f,E:\Users\dchoi\Documents\File,ZIP,43 44 30 30 14 00 06 00 08 00 00 00 21 00 A9 90 C0 AD 7B 03 00 00 D3 10 00 00 14 00 00 00 70 70 74 2F 70 72 65 73 65 6E 74 61 74 69 6F 6E 2E 78 6D 6C
File056,1c03344f83275ac70b5391df2e8e0876,bcc8198a1d3d16525e4bf56a0d42a078a8893424,E:\Users\dchoi\Documents\File,ZIP,50 4B 03 04 0A 00 00 00 00 00 00 00 21 00 FF FF FF FF F3 01 00 00 F3 01 00 00 10 00 00 00 5B 74 72 61 73 68 5D 2F 30 30 30 30 2E 64 61 74 FF FF FF FF
File074,f9b2c6c68a3ddfc2678fcd9f0cf0464e,7178220d10182f9ab2c3efd1054a8872e24800e9,E:\Users\dchoi\Documents\File,ZIP,50 4B 03 04 0A 00 00 00 00 00 00 00 21 00 FF FF FF FF 2D 02 00 00 2D 02 00 00 10 00 00 00 5B 74 72 61 73 68 5D 2F 30 30 30 30 2E 64 61 74 FF FF FF FF
File076,585ce4469a6adfebb17e5c7b1163f349,f90e097bb2880d250c2d1fe6d6d69f49a4c89ed3,E:\Users\dchoi\Documents\File,ZIP,50 4B 03 04 14 00 08 08 08 00 AB 0B 76 59 00 00 00 00 00 00 00 00 00 00 00 00 10 00 00 00 77 6F 72 64 2F 68 65 61 64 65 72 31 2E 78 6D 6C CD 96 DB 8E
File085,5a237806a6afec0a40fb433530387001,3163223d1fc12c29ad6a01051f00054c5995f8c4,E:\Users\dchoi\Documents\File,ZIP,50 4B 03 04 14 00 06 00 08 00 00 00 21 00 B5 CF 3E 7B 02 01 00 00 BB 02 00 00 0B 00 ED 01 5F 72 65 6C 73 2F 2E 72 65 6C 73 20 A2 E9 01 28 A0 00 02 00
File087,b4ea3fa8c44c0e05e86e4b0d8859cf0f,ad9ada5e4004b1892ff0800575ffb3ba1ca2af0e,E:\Users\dchoi\Documents\File,ZIP,50 4B 03 04 14 00 06 00 08 00 00 00 21 00 8F BF F1 36 23 04 00 00 C5 4E 00 00 13 00 08 02 5B 43 6F 6E 74 65 6E 74 5F 54 79 70 65 73 5D 2E 78 6D 6C 20
File093,8a0b5139a1e35f636b28893cb6436fb9,2cc913d580f766965d2a1c95cc60303f84f5dece,E:\Users\dchoi\Documents\File,ZIP,50 4B 03 04 14 00 06 00 08 00 00 00 21 00 9D 7C 73 2A E3 01 00 00 B5 0C 00 00 13 00 08 02 5B 43 6F 6E 74 65 6E 74 5F 54 79 70 65 73 5D 2E 78 6D 6C 20
File094,d46229b61ac5fa694f1e5547d7cf424e,6e3978345a445e7e659069466f1707e46f8c15b7,E:\Users\dchoi\Documents\File,ZIP,50 4B 03 04 14 00 06 00 08 00 00 00 21 00 81 71 7D 3C F8 01 00 00 BA 0C 00 00 13 00 CD 01 5B 43 6F 6E 74 65 6E 74 5F 54 79 70 65 73 5D 2E 78 6D 6C 20
File096,6b8f2e87dfddec9238fb7252e63ad558,f426e87d01f2d3d46e2217e053ffaf2b8f518511,E:\Users\dchoi\Documents\File,ZIP,50 4B 03 04 14 00 06 00 08 00 00 00 21 00 D5 71 95 3E E1 01 00 00 7A 09 00 00 13 00 08 02 5B 43 6F 6E 74 65 6E 74 5F 54 79 70 65 73 5D 2E 78 6D 6C 20
File100,95b6f67c991027de4266a1e0e7e8d527,9be1f1347b642ed0becdc2fea3e4f272860a91d5,E:\Users\dchoi\Documents\File,ZIP,50 4B 03 04 14 00 06 00 08 00 00 00 21 00 1E 27 60 70 88 01 00 00 AE 05 00 00 13 00 08 02 5B 43 6F 6E 74 65 6E 74 5F 54 79 70 65 73 5D 2E 78 6D 6C 20
File104,315c12e381824fa8187634f37e4d12da,ceb6330fa3b9c7221d97447fff5201796eedc3d0,E:\Users\dchoi\Documents\File,ZIP,50 4B 03 04 14 00 06 00 08 00 00 00 21 00 2B 54 51 0E D9 02 00 00 A6 24 00 00 13 00 BA 01 5B 43 6F 6E 74 65 6E 74 5F 54 79 70 65 73 5D 2E 78 6D 6C 20
File111,bbfd94f750618d4eb4fc8c3d6a9ff11d,d21850fb8f7ff21a8d48aaa9bb928043416924eb,E:\Users\dchoi\Documents\File,ZIP,50 4B 03 04 14 00 06 00 08 00 00 00 21 00 45 8C 02 3A BC 01 00 00 64 08 00 00 13 00 DC 01 5B 43 6F 6E 74 65 6E 74 5F 54 79 70 65 73 5D 2E 78 6D 6C 20
File116,b153dc51097eaf6bc297727b41d16fa9,73c3036755de9c36bd22f36f0238d56dfd094240,E:\Users\dchoi\Documents\File,ZIP,50 4B 03 04 14 00 06 00 08 00 00 00 21 00 74 76 54 0C D0 01 00 00 6C 0B 00 00 13 00 08 02 5B 43 6F 6E 74 65 6E 74 5F 54 79 70 65 73 5D 2E 78 6D 6C 20
File117,0d7783aa3a521e6d64aa1a829c5ea90a,6a6a963ea8245d4034c2ebcc01e98e1c6feb3440,E:\Users\dchoi\Documents\File,ZIP,50 4B 03 04 14 00 06 00 08 00 00 00 21 00 9C BD 3C E3 CE 01 00 00 C4 0B 00 00 13 00 08 02 5B 43 6F 6E 74 65 6E 74 5F 54 79 70 65 73 5D 2E 78 6D 6C 20
File121,78db5fb8d3b5f11d349384c5c808d94c,65b6579a5c5dbe6d42f49031bb4c416a0d36f254,E:\Users\dchoi\Documents\File,ZIP,50 4B 03 04 14 00 06 00 08 00 00 00 21 00 9F 04 C7 C5 38 02 00 00 54 10 00 00 13 00 C2 01 5B 43 6F 6E 74 65 6E 74 5F 54 79 70 65 73 5D 2E 78 6D 6C 20
File122,423e0563fe719395891fa51a000a41ad,83e586e9a4ccd04f8c77cf11bca3d1339e891340,E:\Users\dchoi\Documents\File,ZIP,50 4B 03 04 14 00 08 08 08 00 48 A5 75 59 00 00 00 00 00 00 00 00 00 00 00 00 12 00 00 00 77 6F 72 64 2F 6E 75 6D 62 65 72 69 6E 67 2E 78 6D 6C ED 9B
File130,1e40fe728f54ab560be84048b37e2136,5be30928b8af0b3e684761d3e192bc7d52692a0e,E:\Users\dchoi\Documents\File,ZIP,50 4B 03 04 14 00 06 00 08 00 00 00 21 00 3D 57 87 34 C6 01 00 00 BF 08 00 00 13 00 08 02 5B 43 6F 6E 74 65 6E 74 5F 54 79 70 65 73 5D 2E 78 6D 6C 20
File131,ec026d8ed4a1aeaeca8eeb4e7bd17715,25d67d32197d0c32dab7c19404d7d33eb6c3e89b,E:\Users\dchoi\Documents\File,ZIP,50 4B 03 04 14 00 06 00 08 00 00 00 21 00 A6 74 04 52 85 01 00 00 AC 07 00 00 13 00 08 02 5B 43 6F 6E 74 65 6E 74 5F 54 79 70 65 73 5D 2E 78 6D 6C 20
File134,d6eadec77ea7a7436fb9e5f39bdc9b36,711fdd86b47733ffdeeec89f21a52c540ee7c23a,E:\Users\dchoi\Documents\File,ZIP,50 4B 03 04 14 00 06 00 08 00 00 00 21 00 3D 57 87 34 C6 01 00 00 BF 08 00 00 13 00 08 02 5B 43 6F 6E 74 65 6E 74 5F 54 79 70 65 73 5D 2E 78 6D 6C 20
File142,ecf92b48eaa6ff7d658170aa49a6e660,ab486d834224d33b59515b7d1c738911b949c126,E:\Users\dchoi\Documents\File,ZIP,50 4B 03 04 0A 00 00 00 08 00 00 00 21 00 03 E4 7B FE C7 03 00 00 91 13 00 00 14 00 00 00 70 70 74 2F 70 72 65 73 65 6E 74 61 74 69 6F 6E 2E 78 6D 6C
File144,d19b96636f75b86f0f2740e6434e7b6f,e601679953b0423457f636adb46fd7b3192cf6e1,E:\Users\dchoi\Documents\File,ZIP,50 4B 03 04 0A 00 00 00 00 00 00 00 21 00 FF FF FF FF 1C 02 00 00 1C 02 00 00 10 00 00 00 5B 74 72 61 73 68 5D 2F 30 30 30 30 2E 64 61 74 FF FF FF FF
File145,d688f330a67743da9edf360bd87a4757,50314186f6005a2f6383fbfb9f112588096a9323,E:\Users\dchoi\Documents\File,ZIP,50 4B 03 04 14 00 06 00 08 00 00 00 21 00 FF BF 18 7A 2E 02 00 00 57 0D 00 00 13 00 C2 01 5B 43 6F 6E 74 65 6E 74 5F 54 79 70 65 73 5D 2E 78 6D 6C 20
File149,0a35b9503060597bb052f21b4b4290d6,98629156401fa0e895aed31c838fd1519d2674ec,E:\Users\dchoi\Documents\File,ZIP,50 4B 03 04 14 00 08 08 08 00 CE 13 76 59 00 00 00 00 00 00 00 00 00 00 00 00 10 00 00 00 77 6F 72 64 2F 66 6F 6F 74 65 72 31 2E 78 6D 6C ED 57 FF 6E
File150,4cc3cee04f7e695a8de8591e15f19fc1,06b1ffb9db80cdce1e1623453882ed96b9602335,E:\Users\dchoi\Documents\File,ZIP,50 4B 03 04 0A 00 00 00 00 00 00 00 21 00 FF FF FF FF 20 02 00 00 20 02 00 00 10 00 00 00 5B 74 72 61 73 68 5D 2F 30 30 30 30 2E 64 61 74 FF FF FF FF
File151,c0e566ec23e885ddeb11e5a4070fb841,4247d02a033cb899485941a63f2f36e76c76c65f,E:\Users\dchoi\Documents\File,ZIP,50 4B 03 04 14 00 06 00 08 00 00 00 21 00 B7 BB C7 DC A4 02 00 00 00 25 00 00 13 00 08 02 5B 43 6F 6E 74 65 6E 74 5F 54 79 70 65 73 5D 2E 78 6D 6C 20
File153,07b039a576b247f2719d7c1372e7d1c7,8ade27f7dcc94cc0537bfa99754daaf97b8adbff,E:\Users\dchoi\Documents\File,ZIP,50 4B 03 04 14 00 08 08 08 00 BA BB 75 55 00 00 00 00 00 00 00 00 00 00 00 00 10 00 00 00 78 6C 2F 63 6F 6D 6D 65 6E 74 73 31 2E 78 6D 6C 8D 53 CB 6E
File161,c875c6cc8e2086011748fd6f9de83ff9,b75a7ca6961ffdcafd25f6b3b5a523a71b0fefc1,E:\Users\dchoi\Documents\File,ZIP,50 4B 03 04 14 00 06 00 08 00 00 00 21 00 B5 CF 3E 7B 02 01 00 00 BB 02 00 00 0B 00 08 02 5F 72 65 6C 73 2F 2E 72 65 6C 73 20 A2 04 02 28 A0 00 02 00
File162,174c53b13bb9ddbdb1984108cf13e210,7be93d31bbb834fd3e1a0733d8d507ee168852a3,E:\Users\dchoi\Documents\File,ZIP,50 4B 03 04 14 00 06 00 08 00 00 00 21 00 A4 04 CF E9 71 01 00 00 98 05 00 00 13 00 08 02 5B 43 6F 6E 74 65 6E 74 5F 54 79 70 65 73 5D 2E 78 6D 6C 20
File170,fb9de5ec633240495f1ee57735839420,18771e2a544fdaffb6403aedf84b539f9d1fdb22,E:\Users\dchoi\Documents\File,ZIP,50 4B 03 04 14 00 06 00 08 00 00 00 21 00 C3 AA 5D 0E 8D 02 00 00 58 1D 00 00 13 00 08 02 5B 43 6F 6E 74 65 6E 74 5F 54 79 70 65 73 5D 2E 78 6D 6C 20
File171,19af6dc29171e27844e34c3c807231d9,976a891eb695b834305d28d287311793cf803222,E:\Users\dchoi\Documents\File,ZIP,50 4B 03 04 14 00 06 00 08 00 00 00 21 00 33 A5 4B 35 8A 01 00 00 99 05 00 00 13 00 08 02 5B 43 6F 6E 74 65 6E 74 5F 54 79 70 65 73 5D 2E 78 6D 6C 20
File181,cdc2e1b7b617de1db19b5820fc9380a0,c19d042042cfe77f58ce28d55eca3f9741ba942c,E:\Users\dchoi\Documents\File,ZIP,50 4B 03 04 14 00 00 08 08 00 42 3D 3C 5A 47 92 44 B2 5A 01 00 00 F0 04 00 00 13 00 04 00 5B 43 6F 6E 74 65 6E 74 5F 54 79 70 65 73 5D 2E 78 6D 6C 53
File183,5c4c9c4f71b373d50967fea0d9293b80,ed4ac6cf06a6828888f24b58416542dacf6e9960,E:\Users\dchoi\Documents\File,ZIP,50 4B 03 04 14 00 06 00 08 00 00 00 21 00 1C AD B2 D2 FA 01 00 00 6D 0B 00 00 13 00 08 02 5B 43 6F 6E 74 65 6E 74 5F 54 79 70 65 73 5D 2E 78 6D 6C 20
File185,5b1392a9f190a431ac6bac3b2f5be47c,b8fc3a4d1bb60155967dbf863b71ddd42148b1e0,E:\Users\dchoi\Documents\File,ZIP,50 4B 03 04 14 00 06 00 08 00 00 00 21 00 96 34 82 68 62 02 00 00 28 18 00 00 13 00 C5 01 5B 43 6F 6E 74 65 6E 74 5F 54 79 70 65 73 5D 2E 78 6D 6C 20
File187,77d26a68e9264e9facac4242de2e740f,028eee19afce5d914baec769287298cb9a3f8b8e,E:\Users\dchoi\Documents\File,ZIP,50 4B 03 04 14 00 06 00 08 00 00 00 21 00 B5 F6 D3 96 8D 01 00 00 21 07 00 00 13 00 08 02 5B 43 6F 6E 74 65 6E 74 5F 54 79 70 65 73 5D 2E 78 6D 6C 20
File189,38c425bff814be81cacd15d2b4bcfeae,431f43d1284050f1a979a7260e72910213395704,E:\Users\dchoi\Documents\File,ZIP,50 4B 03 04 14 00 06 00 08 00 00 00 21 00 88 5E 62 0B CA 01 00 00 22 0A 00 00 13 00 08 02 5B 43 6F 6E 74 65 6E 74 5F 54 79 70 65 73 5D 2E 78 6D 6C 20
File191,7c3c2be5d0f5bd562546cc8d03829aa4,ae984a2eebfad940599f7bc75bd60838d6d4eb2d,E:\Users\dchoi\Documents\File,ZIP,50 4B 03 04 14 00 06 00 08 00 00 00 21 00 58 79 36 07 DF 01 00 00 23 0A 00 00 13 00 08 02 5B 43 6F 6E 74 65 6E 74 5F 54 79 70 65 73 5D 2E 78 6D 6C 20
File193,a7f70b3ec9911480be7dacbd1e37820d,420cc47965de6c73fe3065931d8d6fef01792ea2,E:\Users\dchoi\Documents\File,ZIP,50 4B 03 04 0A 00 00 00 00 00 00 00 21 00 FF FF FF FF 0C 02 00 00 0C 02 00 00 10 00 00 00 5B 74 72 61 73 68 5D 2F 30 30 30 30 2E 64 61 74 FF FF FF FF
File194,44661e9d8e0b19cc4cdc71c58dac4595,355ed21d8da04a0ea27205b807979240fbefb356,E:\Users\dchoi\Documents\File,ZIP,50 4B 03 04 14 00 06 00 08 00 00 00 21 00 3E 11 88 CA 60 02 00 00 47 19 00 00 13 00 08 02 5B 43 6F 6E 74 65 6E 74 5F 54 79 70 65 73 5D 2E 78 6D 6C 20
File195,8581f7c7288375f14b8f164c83ea0ac9,3e38c02ce6df71a9aba792e89ea20beeb8032819,E:\Users\dchoi\Documents\File,ZIP,43 44 30 30 14 00 06 00 08 00 00 00 21 00 71 4B 4E 12 05 02 00 00 EC 0C 00 00 13 00 CD 01 5B 43 6F 6E 74 65 6E 74 5F 54 79 70 65 73 5D 2E 78 6D 6C 20
File196,3acb832c0b5bcd7df8cc140a771c612e,8e63f741347a04d664a023c6ec09c6c8ac99d327,E:\Users\dchoi\Documents\File,ZIP,50 4B 03 04 14 00 06 00 08 00 00 00 21 00 62 EE 9D 68 5E 01 00 00 90 04 00 00 13 00 08 02 5B 43 6F 6E 74 65 6E 74 5F 54 79 70 65 73 5D 2E 78 6D 6C 20
File197,abfdce4332a47d0056f54ecd5ff64e41,8ff3d262e9c83355e5c7ca3255c0688b53c6c983,E:\Users\dchoi\Documents\File,ZIP,50 4B 03 04 14 00 08 08 08 00 D2 41 75 59 00 00 00 00 00 00 00 00 00 00 00 00 10 00 00 00 77 6F 72 64 2F 68 65 61 64 65 72 31 2E 78 6D 6C A5 95 DB 8E
File198,dd461e6bc31f224519587dffd93048f8,93c63eb338cddb1cf2e23374e2bdebdf79302f4c,E:\Users\dchoi\Documents\File,ZIP,50 4B 03 04 14 00 06 00 08 00 00 00 21 00 99 55 7E 05 F9 00 00 00 E1 02 00 00 0B 00 F3 01 5F 72 65 6C 73 2F 2E 72 65 6C 73 20 A2 EF 01 28 A0 00 02 00
File206,16aa2764840ee306b4d60ed118ed642b,3b02a535fa7a2ccbe80d975f2b468de92dd3b8d5,E:\Users\dchoi\Documents\File,ZIP,50 4B 03 04 14 00 06 00 08 00 00 00 21 00 24 EC 50 BF 82 01 00 00 24 07 00 00 13 00 08 02 5B 43 6F 6E 74 65 6E 74 5F 54 79 70 65 73 5D 2E 78 6D 6C 20
File208,cb5e8db8123b89323a4822992b5ddd34,b7d12ca8a56e690c38b3d2c82a3b52e138176b4f,E:\Users\dchoi\Documents\File,ZIP,50 4B 03 04 14 00 06 00 08 00 00 00 21 00 E4 A7 B0 6F EB 01 00 00 35 0D 00 00 13 00 08 02 5B 43 6F 6E 74 65 6E 74 5F 54 79 70 65 73 5D 2E 78 6D 6C 20
File210,d23ddb02acd5a876e306962bd71f1631,43db097d4df5012de9903c2de395a68147071827,E:\Users\dchoi\Documents\File,ZIP,50 4B 03 04 0A 00 00 00 08 00 00 00 21 00 FC 1F ED 11 25 02 00 00 43 05 00 00 10 00 00 00 64 6F 63 50 72 6F 70 73 2F 61 70 70 2E 78 6D 6C 9C 54 DF 6F
File211,c70ec8c66f59ecd212b7d08a4357b5d5,50b27cdf5ab5e9b9cc52a102fafae2c112403a1e,E:\Users\dchoi\Documents\File,ZIP,50 4B 03 04 14 00 06 00 08 00 00 00 21 00 3B F4 79 E3 2E 03 00 00 B8 10 00 00 14 00 00 00 78 6C 2F 70 72 65 73 65 6E 74 61 74 69 6F 6E 2E 78 6D 6C EC
File023,9c301375efa5c4613b55b7ae9178d837,3c43b63251acb488c47854a2752328525fcb7259,E:\Users\dchoi\Documents\File,MP3,49 44 33 00 01 01 00 00 00 08 00 10 00 FF FF 08 00 00 01 00 00 00 00 00 00 40 00 00 00 00 00 00 00 00 00 00 00 00 00 00 00 00 00 00 00 00 00 00 00 00
File063,2b2cf30e60c4c5c6a7bfaf7f05f559b3,82cf0d9d4f3ea20c6e2f8f55c883865d5f77b5ae,E:\Users\dchoi\Documents\File,MP3,49 44 33 31 2E 34 0D 25 80 84 88 8C 90 94 98 9C A0 A4 A8 AC B0 B4 B8 BC C0 C4 C8 CC D0 D4 D8 DC E0 E4 E8 EC F0 F4 F8 FC 0D 0D 31 20 30 20 6F 62 6A 0D
File001,7d0690a235298519fdc912928f0333ef,d2affe98fcb0a0c473ca5756c3687a246b642bb3,E:\Users\dchoi\Documents\File,EXE,4D 5A 90 00 03 00 00 00 04 00 00 00 FF FF 00 00 B8 00 00 00 00 00 00 00 40 00 00 00 00 00 00 00 00 00 00 00 00 00 00 00 00 00 00 00 00 00 00 00 00 00
File005,8af314b532681aa2a272543e89bc1eeb,7e68dba9fa672d5ede7e787e5c568a4ff2a789c0,E:\Users\dchoi\Documents\File,EXE,4D 5A 90 00 03 00 00 00 04 00 00 00 FF FF 00 00 B8 00 00 00 00 00 00 00 40 00 00 00 00 00 00 00 00 00 00 00 00 00 00 00 00 00 00 00 00 00 00 00 00 00
File024,371de9cf8b4b2520ab224038f0e6b9a5,6d2054702bdae5168522981080051e39da3291e1,E:\Users\dchoi\Documents\File,EXE,4D 5A 90 00 03 00 00 00 04 00 00 00 FF FF 00 00 B8 00 00 00 00 00 00 00 40 00 00 00 00 00 00 00 00 00 00 00 00 00 00 00 00 00 00 00 00 00 00 00 00 00
File025,0aca6a84b2b047abb36e3fb35b7938d3,d2dd2739ac3d2f496a7a5c849bcd2e12142d09ec,E:\Users\dchoi\Documents\File,EXE,4D 5A 90 00 03 00 00 00 04 00 00 00 FF FF 00 00 B8 00 00 00 00 00 00 00 40 00 00 00 00 00 00 00 00 00 00 00 00 00 00 00 00 00 00 00 00 00 00 00 00 00
File027,899c8ae4b45a7d4957468e47833bc84d,13513de250639b432094dacbd14668339ca6b2a3,E:\Users\dchoi\Documents\File,EXE,4D 5A 90 00 03 00 00 00 04 00 00 00 FF FF 00 00 B8 00 00 00 00 00 00 00 40 00 00 00 00 00 00 00 00 00 00 00 00 00 00 00 00 00 00 00 00 00 00 00 00 00
File042,74a4b714c851de93c773b1772a40807d,48506056f569a40ee28155c507e3578af5ea4579,E:\Users\dchoi\Documents\File,EXE,4D 5A 90 00 03 00 00 00 04 00 00 00 FF FF 00 00 B8 00 00 00 00 00 00 00 40 00 00 00 00 00 00 00 00 00 00 00 00 00 00 00 00 00 00 00 00 00 00 00 00 00
File046,f63d16a402673307cbd7e0a69205baa4,afb6c414197688a1bc6c113bb5add0f02f308a50,E:\Users\dchoi\Documents\File,EXE,4D 5A 00 01 01 00 00 00 08 00 10 00 FF FF 08 00 00 01 00 00 00 00 00 00 40 00 00 00 00 00 00 00 00 00 00 00 00 00 00 00 00 00 00 00 00 00 00 00 00 00
File047,130368dcac9cf8171b792bb164b1cd1c,a4609bedc4d885a3c0dd0f3fc9757af6a377dc8c,E:\Users\dchoi\Documents\File,EXE,4D 5A 90 00 03 00 00 00 04 00 00 00 FF FF 00 00 B8 00 00 00 00 00 00 00 40 00 00 00 00 00 00 00 00 00 00 00 00 00 00 00 00 00 00 00 00 00 00 00 00 00
File051,db97870e110d2e495f191c432797ad04,3a73e650e6386cfd23f3d726c347a9359a37478b,E:\Users\dchoi\Documents\File,EXE,4D 5A 90 00 03 00 00 00 04 00 00 00 FF FF 00 00 B8 00 00 00 00 00 00 00 40 00 00 00 00 00 00 00 00 00 00 00 00 00 00 00 00 00 00 00 00 00 00 00 00 00
File060,8d404ac68cc517b456d0c46305caf6b4,da8c7f8945337943f5e1fe1d1513395144711333,E:\Users\dchoi\Documents\File,EXE,4D 5A 90 00 03 00 00 00 04 00 00 00 FF FF 00 00 B8 00 00 00 00 00 00 00 40 00 00 00 00 00 00 00 00 00 00 00 00 00 00 00 00 00 00 00 00 00 00 00 00 00
File062,f0c3b5b14d0b5c1420d1e22f3585f4c3,cde069a5cbc8bdefcff8a67dcf26538cf35eb99b,E:\Users\dchoi\Documents\File,EXE,4D 5A 90 00 03 00 00 00 04 00 00 00 FF FF 00 00 B8 00 00 00 00 00 00 00 40 00 00 00 00 00 00 00 00 00 00 00 00 00 00 00 00 00 00 00 00 00 00 00 00 00
File067,ea15bc1156bf638002b99c63bd4abb1a,1256d16942369961683c7f21c7f77128ea1f73c9,E:\Users\dchoi\Documents\File,EXE,4D 5A 93 00 03 00 00 00 20 00 00 00 FF FF 07 00 00 01 65 40 00 00 00 00 40 00 00 00 01 00 00 00 00 00 00 00 00 00 00 00 00 00 00 00 00 00 00 00 00 00
File071,08422e540f71afbf8895440dbce80aa4,22f690f251032776e47565d46f3285c4011695bd,E:\Users\dchoi\Documents\File,EXE,4D 5A 90 00 03 00 00 00 04 00 00 00 FF FF 00 00 B8 00 00 00 00 00 00 00 40 00 00 00 00 00 00 00 00 00 00 00 00 00 00 00 00 00 00 00 00 00 00 00 00 00
File075,cbf27b79169a22e2ed9f2f6ded176cdb,8929c844ae8a6f80694d0e8de149adbae60fd78a,E:\Users\dchoi\Documents\File,EXE,4D 5A 90 00 03 00 00 00 04 00 00 00 FF FF 00 00 B8 00 00 00 00 00 00 00 40 00 00 00 00 00 00 00 00 00 00 00 00 00 00 00 00 00 00 00 00 00 00 00 00 00
File079,b6167a060ce70bcc90de22e27a3fbb07,875417a1f75bd6b215b49df4ac0daf19697f412a,E:\Users\dchoi\Documents\File,EXE,FF FB 90 00 03 00 00 00 04 00 00 00 FF FF 00 00 B8 00 00 00 00 00 00 00 40 00 00 00 00 00 00 00 00 00 00 00 00 00 00 00 00 00 00 00 00 00 00 00 00 00
File080,12961a8d12e77fc9b66345b80456f7fe,ec320d7a73dcf97b4b4fcb6e764a238a318e38c4,E:\Users\dchoi\Documents\File,EXE,4D 5A 90 00 03 00 00 00 04 00 00 00 FF FF 00 00 B8 00 00 00 00 00 00 00 40 00 00 00 00 00 00 00 00 00 00 00 00 00 00 00 00 00 00 00 00 00 00 00 00 00
File081,52376b5fbaa7a368612ca909730cf9b3,b4e26ea63c2994e7d994c052c52d3f4e8da27c9d,E:\Users\dchoi\Documents\File,EXE,4D 5A 90 00 03 00 00 00 04 00 00 00 FF FF 00 00 B8 00 00 00 00 00 00 00 40 00 00 00 00 00 00 00 00 00 00 00 00 00 00 00 00 00 00 00 00 00 00 00 00 00
File092,cb22ec32b6b7d83582b7fda7d682ff89,47a126f450d91264f4a399c52d25efb622d2a169,E:\Users\dchoi\Documents\File,EXE,4D 5A 90 00 03 00 00 00 04 00 00 00 FF FF 00 00 B8 00 00 00 00 00 00 00 40 00 00 00 00 00 00 00 00 00 00 00 00 00 00 00 00 00 00 00 00 00 00 00 00 00
File095,bb24a4f283eeeb0a5b6a63256e197fad,e8039cd053f2974edaa188541159dfe12bea125f,E:\Users\dchoi\Documents\File,EXE,4D 5A 90 00 03 00 00 00 04 00 00 00 FF FF 00 00 B8 00 00 00 00 00 00 00 40 00 00 00 00 00 00 00 00 00 00 00 00 00 00 00 00 00 00 00 00 00 00 00 00 00
File101,b022e52fae3ea7da7b43c8e80ca646a9,cc1fab36ee81c119aae9856ebea2e1735a309b30,E:\Users\dchoi\Documents\File,EXE,4D 5A 90 00 03 00 00 00 04 00 00 00 FF FF 00 00 B8 00 00 00 00 00 00 00 40 00 00 00 00 00 00 00 00 00 00 00 00 00 00 00 00 00 00 00 00 00 00 00 00 00
File115,9e25484b1907186fa37395a4c3b79940,65e3ec37850f9d2d5ef82f264171611be5414d5c,E:\Users\dchoi\Documents\File,EXE,4D 5A 90 00 03 00 00 00 04 00 00 00 FF FF 00 00 B8 00 00 00 00 00 00 00 40 00 00 00 00 00 00 00 00 00 00 00 00 00 00 00 00 00 00 00 00 00 00 00 00 00
File118,e729b5cc0ca22d973378a595f0c02cf8,c278fc9f054943a8bc9fb22e322e588d30494a4b,E:\Users\dchoi\Documents\File,EXE,4D 5A 90 00 03 00 00 00 04 00 00 00 FF FF 00 00 B8 00 00 00 00 00 00 00 40 00 00 00 00 00 00 00 00 00 00 00 00 00 00 00 00 00 00 00 00 00 00 00 00 00
File141,ac1b94145d5bf11f34eba1137d8b39e2,c33584ab2f523cbb8556599ccbefc67129602668,E:\Users\dchoi\Documents\File,EXE,4D 5A 90 00 03 00 00 00 04 00 00 00 FF FF 00 00 B8 00 00 00 00 00 00 00 40 00 00 00 00 00 00 00 00 00 00 00 00 00 00 00 00 00 00 00 00 00 00 00 00 00
File146,290a44f94f15d6ae35915320294947f6,dbba2d945d3a10d313896d32d90af9278559bba6,E:\Users\dchoi\Documents\File,EXE,4D 5A 90 00 03 00 00 00 04 00 00 00 FF FF 00 00 B8 00 00 00 00 00 00 00 40 00 00 00 00 00 00 00 00 00 00 00 00 00 00 00 00 00 00 00 00 00 00 00 00 00
File148,ef063d467563865aa7a97b4dae9924ce,c87af5eee0cfaf88c5176d1ba7591bee24a32673,E:\Users\dchoi\Documents\File,EXE,FF FB 90 00 03 00 00 00 04 00 00 00 FF FF 00 00 B8 00 00 00 00 00 00 00 40 00 00 00 00 00 00 00 00 00 00 00 00 00 00 00 00 00 00 00 00 00 00 00 00 00
File155,774faa35314ccf72d1b9d841b4532b03,ef57d337b2480bf4981091d9ec3072494f3c76f1,E:\Users\dchoi\Documents\File,EXE,4D 5A 50 00 02 00 00 00 04 00 0F 00 FF FF 00 00 B8 00 00 00 00 00 00 00 40 00 1A 00 00 00 00 00 00 00 00 00 00 00 00 00 00 00 00 00 00 00 00 00 00 00
File159,2fb6c16c0f1c39d9ec32dbb311990b9c,dd56bde584ef1c333304c30f2cfa7311f576139a,E:\Users\dchoi\Documents\File,EXE,4D 5A 8B 00 03 00 00 00 20 00 00 00 FF FF 07 00 00 01 65 40 00 00 00 00 40 00 00 00 01 00 00 00 00 00 00 00 00 00 00 00 00 00 00 00 00 00 00 00 00 00
File160,5b88c51ea10f9db362369f3d71bea569,bee2ed1bea54e7d00b1bd0d44d817406d74a2af3,E:\Users\dchoi\Documents\File,EXE,4D 5A 90 00 03 00 00 00 04 00 00 00 FF FF 00 00 B8 00 00 00 00 00 00 00 40 00 00 00 00 00 00 00 00 00 00 00 00 00 00 00 00 00 00 00 00 00 00 00 00 00
File164,f3dec47bdc290fb01d5d908775321ea7,f0eefa4f62179cf8ed63de2d287512089e95a9be,E:\Users\dchoi\Documents\File,EXE,4D 5A 90 00 03 00 00 00 04 00 00 00 FF FF 00 00 B8 00 00 00 00 00 00 00 40 00 00 00 00 00 00 00 00 00 00 00 00 00 00 00 00 00 00 00 00 00 00 00 00 00
File166,1af712a59ab34e0c131b40018d31c0f2,2c8951f8b0528ea9db00688cd76e14383ed0ed21,E:\Users\dchoi\Documents\File,EXE,4D 5A 90 00 03 00 00 00 04 00 00 00 FF FF 00 00 B8 00 00 00 00 00 00 00 40 00 00 00 00 00 00 00 00 00 00 00 00 00 00 00 00 00 00 00 00 00 00 00 00 00
File173,3c555bd977fd395f0e3e0b3758071d52,06849f3bfb38b3b4aa5e2a0c0ac88734478bb9f7,E:\Users\dchoi\Documents\File,EXE,4D 5A 90 00 03 00 00 00 04 00 00 00 FF FF 00 00 B8 00 00 00 00 00 00 00 40 00 00 00 00 00 00 00 00 00 00 00 00 00 00 00 00 00 00 00 00 00 00 00 00 00
File176,6d8a087c87e8c522ae0b7948357ee226,3001282ecd140d7120b94da8defcb02dbb26a8b0,E:\Users\dchoi\Documents\File,EXE,4D 5A 90 00 03 00 00 00 04 00 00 00 FF FF 00 00 B8 00 00 00 00 00 00 00 40 00 00 00 00 00 00 00 00 00 00 00 00 00 00 00 00 00 00 00 00 00 00 00 00 00
File177,894e538fbd29d9af2dac82abbb798aa8,3c28b3063ce80b3fd61e0afc6934e3180f5bef12,E:\Users\dchoi\Documents\File,EXE,4D 5A 90 00 03 00 00 00 04 00 00 00 FF FF 00 00 B8 00 00 00 00 00 00 00 40 00 00 00 00 00 00 00 00 00 00 00 00 00 00 00 00 00 00 00 00 00 00 00 00 00
File180,6a9a905f16f64919e6892a2e8d37a5b7,faef2d937021c3ca367f275f0128b5ebaf50dbd8,E:\Users\dchoi\Documents\File,EXE,4D 5A 90 00 03 00 00 00 04 00 00 00 FF FF 00 00 B8 00 00 00 00 00 00 00 40 00 00 00 00 00 00 00 00 00 00 00 00 00 00 00 00 00 00 00 00 00 00 00 00 00
File192,eb0293aa9d3cd061798d7fe931dc5fa6,78642c9626ac9ca7e1812f397923b81a0adfabf2,E:\Users\dchoi\Documents\File,EXE,90 00 03 00 00 00 04 00 00 00 FF FF 00 00 B8 00 00 00 00 00 00 00 40 00 00 00 00 00 00 00 00 00 00 00 00 00 00 00 00 00 00 00 00 00 00 00 00 00 00 00
File201,4e9a6f255bff5ab93b6a7a51ebf62e99,f4baeceff5c949c66a85edcbf3ac40a774e3b887,E:\Users\dchoi\Documents\File,EXE,4D 5A 90 00 03 00 00 00 04 00 00 00 FF FF 00 00 B8 00 00 00 00 00 00 00 40 00 00 00 00 00 00 00 00 00 00 00 00 00 00 00 00 00 00 00 00 00 00 00 00 00
File202,2497589c198a5c7d7c48f56bd5c2a083,f69b900367fa62e24947333fad2e4d8094002990,E:\Users\dchoi\Documents\File,EXE,42 00 02 00 00 00 20 00 00 00 FF FF 05 00 00 01 00 00 00 00 00 00 40 00 00 00 01 00 FB 71 6A 72 00 00 00 00 00 00 00 00 00 00 00 00 00 00 00 00 00 00
File207,8c5c9499e5bf2515b46ad201e8340748,df382e06b0b50420b6d63240efe0681998fa8dfb,E:\Users\dchoi\Documents\File,EXE,4D 5A 90 00 03 00 00 00 04 00 00 00 FF FF 00 00 B8 00 00 00 00 00 00 00 40 00 00 00 00 00 00 00 00 00 00 00 00 00 00 00 00 00 00 00 00 00 00 00 00 00
File213,2a951f81a38691f52fb9985513e46946,c79bf016e59f5a63697184e470304af54d1689da,E:\Users\dchoi\Documents\File,EXE,4D 5A 90 00 03 00 00 00 04 00 00 00 FF FF 00 00 B8 00 00 00 00 00 00 00 40 00 00 00 00 00 00 00 00 00 00 00 00 00 00 00 00 00 00 00 00 00 00 00 00 00
File102,63acfbba8e6e6dfba235018deaad7ab6,6bb6cc99155a64d8a0210ffeb2d455c4f67b32fa,E:\Users\dchoi\Documents\File,RIFF,52 49 46 46 57 41 56 45 2D 31 2E 36 0D 25 E2 E3 CF D3 0D 0A 35 39 20 30 20 6F 62 6A 20 3C 3C 2F 4C 69 6E 65 61 72 69 7A 65 64 20 31 2F 4C 20 31 39 36
File109,a8db5b9ff83ebe7e87a3971576158977,3ece35df69d47b45cf2f3d6cf825def15af9f531,E:\Users\dchoi\Documents\File,RIFF,52 49 46 46 57 41 56 45 2D 31 2E 33 0A 25 E2 E3 CF D3 0A 31 20 30 20 6F 62 6A 0A 3C 3C 0A 2F 54 79 70 65 20 2F 50 61 67 65 73 0A 2F 43 6F 75 6E 74 20
File002,e2142a946eca0ac74dd03fa1d9c67bd2,199a95428a251a9ffddfa209706016766b48087b,E:\Users\dchoi\Documents\File,PS_UTF8,EF BB BF 3C 23 0A 2E 53 59 4E 4F 50 53 49 53 0A 09 49 6E 73 74 61 6C 6C 73 20 5A 6F 6F 6D 0A 2E 44 45 53 43 52 49 50 54 49 4F 4E 0A 09 54 68 69 73 20
File013,2d9a7072177dd37a9fbacbdaf12b8b35,53b44947beaece17dc8d6c48ad2c8e5799a5ecb7,E:\Users\dchoi\Documents\File,PS_UTF8,EF BB BF 3C 23 0A 2E 53 59 4E 4F 50 53 49 53 0A 09 50 72 69 6E 74 73 20 74 68 65 20 4D 44 35 20 63 68 65 63 6B 73 75 6D 20 6F 66 20 61 20 66 69 6C 65
File039,8f179f9b48d6c13fa96e801c31c5120b,97a36bda7a3707c371a61ca1be5babd819f22dfc,E:\Users\dchoi\Documents\File,PS_UTF8,EF BB BF 3C 23 0A 2E 53 59 4E 4F 50 53 49 53 0A 09 49 6E 73 74 61 6C 6C 73 20 44 69 73 63 6F 72 64 0A 2E 44 45 53 43 52 49 50 54 49 4F 4E 0A 09 54 68
File048,e117cf3498fa380b6c06de68232ee65a,f6745cee730e1665db5932e0ab51d53a885a5ea8,E:\Users\dchoi\Documents\File,PS_UTF8,EF BB BF 3C 23 0A 2E 53 59 4E 4F 50 53 49 53 0A 09 50 72 69 6E 74 73 20 74 68 65 20 53 48 41 31 20 68 61 73 68 20 6F 66 20 61 20 66 69 6C 65 0A 2E 44
File049,428232826229b4484bd2a9de0091b60e,1819ba9f99f764843716e04ed1d150fbe9efa16d,E:\Users\dchoi\Documents\File,PS_UTF8,EF BB BF 3C 23 0A 2E 53 59 4E 4F 50 53 49 53 0A 09 49 6E 73 74 61 6C 6C 73 20 62 61 73 69 63 20 61 70 70 73 0A 2E 44 45 53 43 52 49 50 54 49 4F 4E 0A
File054,2c6444207e051dbb8f9f8ceb8f05bd06,7df60f39ece494a400b4afb33484d4652cd16003,E:\Users\dchoi\Documents\File,PS_UTF8,EF BB BF 3C 23 0A 2E 53 59 4E 4F 50 53 49 53 0A 09 49 6E 73 74 61 6C 6C 73 20 47 69 74 20 66 6F 72 20 57 69 6E 64 6F 77 73 0A 2E 44 45 53 43 52 49 50
File057,7e40596c2d0399b64cc871ff4158ae57,f440d75b7b3c54939699edb42c48fed43ed131b1,E:\Users\dchoi\Documents\File,PS_UTF8,EF BB BF 3C 23 0A 2E 53 59 4E 4F 50 53 49 53 0A 09 45 6E 61 62 6C 65 73 20 74 68 65 20 67 6F 64 20 6D 6F 64 65 0A 2E 44 45 53 43 52 49 50 54 49 4F 4E
File077,f5fa09dace753bebba5b6075f127dc26,6b628dfe25adc892b188fbf79dd627b55f0474cd,E:\Users\dchoi\Documents\File,PS_UTF8,EF BB BF 3C 23 0A 2E 53 59 4E 4F 50 53 49 53 0A 09 49 6E 73 74 61 6C 6C 73 20 43 68 72 6F 6D 65 0A 2E 44 45 53 43 52 49 50 54 49 4F 4E 0A 09 54 68 69
File119,fdea5ae8a8ede952bc58bdb26b47d57a,8960ef02e567df940ebd6bd1f46c06a3565fbcf9,E:\Users\dchoi\Documents\File,PS_UTF8,EF BB BF 3C 23 0A 2E 53 59 4E 4F 50 53 49 53 0A 09 49 6E 73 74 61 6C 6C 73 20 54 77 69 74 74 65 72 0A 2E 44 45 53 43 52 49 50 54 49 4F 4E 0A 09 54 68
File120,0f3ee7c9eb9340ae44a93bfcd27523ba,6d9e489b5b0f096484935299db389aa2fc42332c,E:\Users\dchoi\Documents\File,PS_UTF8,EF BB BF 3C 23 0A 2E 53 59 4E 4F 50 53 49 53 0A 09 49 6E 73 74 61 6C 6C 73 20 54 68 75 6E 64 65 72 62 69 72 64 0A 2E 44 45 53 43 52 49 50 54 49 4F 4E
File158,5eba08d45abbd9fdbf82cc748a2b9774,1e768d7f6c7229c0db5e17f636f203ee2e084f72,E:\Users\dchoi\Documents\File,PS_UTF8,EF BB BF 3C 23 0A 2E 53 59 4E 4F 50 53 49 53 0A 09 49 6E 73 74 61 6C 6C 73 20 53 70 6F 74 69 66 79 0A 2E 44 45 53 43 52 49 50 54 49 4F 4E 0A 09 54 68
File165,1d786070021811ce3d962a420d868155,6e09b863e9d2f5d7bdff1e2b2bd4e4afef7876dc,E:\Users\dchoi\Documents\File,PS_UTF8,EF BB BF 3C 23 0D 0A 2E 53 59 4E 4F 50 53 49 53 0D 0A 20 20 20 20 20 20 20 20 49 6E 73 74 61 6C 6C 73 20 43 68 6F 63 6F 6C 61 74 65 79 20 28 6E 65 65
File169,d44a541590b9d5973136d0e595da9ae2,35c5bf4c4b20ff967dc35d6dd1ed79037f3189b8,E:\Users\dchoi\Documents\File,PS_UTF8,EF BB BF 3C 23 0A 2E 53 59 4E 4F 50 53 49 53 0A 09 50 72 69 6E 74 73 20 74 68 65 20 53 48 41 35 31 32 20 68 61 73 68 20 6F 66 20 61 20 66 69 6C 65 0A
File175,ec7522bc9873d8fb52d2dba4f19161ea,989ae95e6645c4f35a6326c1e69973954b2d75c8,E:\Users\dchoi\Documents\File,PS_UTF8,EF BB BF 3C 23 0A 2E 53 59 4E 4F 50 53 49 53 0A 09 49 6E 73 74 61 6C 6C 73 20 56 4C 43 0A 2E 44 45 53 43 52 49 50 54 49 4F 4E 0A 09 54 68 69 73 20 50
File178,955ddefc4f016045fb167016e499dd15,ecf760f19d07c912466db0f04b5bebb91cb07a22,E:\Users\dchoi\Documents\File,PS_UTF8,EF BB BF 3C 23 0A 2E 53 59 4E 4F 50 53 49 53 0A 09 49 6E 73 74 61 6C 6C 73 20 4E 65 74 66 6C 69 78 0A 2E 44 45 53 43 52 49 50 54 49 4F 4E 0A 09 54 68
File203,80d158a5fce462fb2d54c71adc8e0da6,f0957d0ec699d079d4ad5adc73525925ce7ff829,E:\Users\dchoi\Documents\File,PS_UTF8,EF BB BF 3C 23 0A 2E 53 59 4E 4F 50 53 49 53 0A 09 50 72 69 6E 74 73 20 74 68 65 20 53 48 41 32 35 36 20 68 61 73 68 20 6F 66 20 61 20 66 69 6C 65 0A
File204,d601a536054abe2a84612a08b5b749f5,902f98265eb67fcd8d7da5eb0b8198071d887c85,E:\Users\dchoi\Documents\File,PS_UTF8,EF BB BF 3C 23 0A 2E 53 59 4E 4F 50 53 49 53 0A 09 49 6E 73 74 61 6C 6C 73 20 4F 42 53 20 53 74 75 64 69 6F 20 28 6E 65 65 64 73 20 61 64 6D 69 6E 20
File215,ebc84c0bae4a06d2db24c264d52dbb1f,d9c43a3c4df555360bf5e0eace9d2c04a5df74fd,E:\Users\dchoi\Documents\File,PS_UTF8,EF BB BF 3C 23 0A 2E 53 59 4E 4F 50 53 49 53 0A 09 49 6E 73 74 61 6C 6C 73 20 56 69 73 75 61 6C 20 53 74 75 64 69 6F 20 43 6F 64 65 0A 2E 44 45 53 43
File216,825341f997632ff776e477883fe6493c,e9bfe5ea0889af5ed63d66a63b7b5b0861212ebb,E:\Users\dchoi\Documents\File,PS_UTF8,EF BB BF 3C 23 0A 2E 53 59 4E 4F 50 53 49 53 0A 09 49 6E 73 74 61 6C 6C 73 20 47 69 74 20 45 78 74 65 6E 73 69 6F 6E 73 0A 2E 44 45 53 43 52 49 50 54
File004,6d30132c09d8e7feb13cd0fc951b8c67,a2e190b5a8609eb9f75095806f73d00add3e20e7,E:\Users\dchoi\Documents\File,BAT,40 65 63 68 6F 20 6F 66 66 0D 0A 73 65 74 20 2F 61 20 6C 69 6E 65 3D 25 72 61 6E 64 6F 6D 25 20 25 25 20 35 20 2B 20 31 0D 0A 66 6F 72 20 2F 66 20 22
File015,e4507f2ec05eb69d935540e5b4d7ec5e,6079a4fc71df42383ada4142dffd97be27c483ea,E:\Users\dchoi\Documents\File,BAT,40 65 63 68 6F 20 6F 66 66 0D 0A 73 65 74 20 2F 61 20 63 6F 75 6E 74 3D 25 72 61 6E 64 6F 6D 25 20 25 25 20 32 30 20 2B 20 31 0D 0A 65 63 68 6F 20 47
File016,e71bb959c29c164e77ae88bca85852d2,f29968c8621ec698f98f555172a0b0a2fadbcb53,E:\Users\dchoi\Documents\File,BAT,40 65 63 68 6F 20 6F 66 66 0D 0A 73 65 74 20 2F 61 20 68 65 78 3D 25 72 61 6E 64 6F 6D 25 20 25 25 20 32 35 35 0D 0A 73 65 74 20 2F 61 20 68 65 78 32
File028,3d809cda8a3b43c52a692d24e21af70b,0b4c9a6830f3d0b511fbb5af8cc492bde2715f4d,E:\Users\dchoi\Documents\File,BAT,40 65 63 68 6F 20 6F 66 66 0D 0A 73 65 74 20 2F 61 20 64 69 65 31 3D 25 72 61 6E 64 6F 6D 25 20 25 25 20 36 20 2B 20 31 0D 0A 73 65 74 20 2F 61 20 64
File029,67571555f67b3a0b1cfb5b7efb8fa446,62c8a155d9a89b9442a85588bac0138b226500f2,E:\Users\dchoi\Documents\File,BAT,40 65 63 68 6F 20 6F 66 66 0D 0A 66 6F 72 20 2F 66 20 22 74 6F 6B 65 6E 73 3D 31 2D 34 20 64 65 6C 69 6D 73 3D 2F 20 22 20 25 25 61 20 69 6E 20 28 22
File034,98c35c46893f75f22975e6c1ab6131e0,f255dac4e27bb6793a05f093452b3c411a076f07,E:\Users\dchoi\Documents\File,BAT,40 65 63 68 6F 20 6F 66 66 0D 0A 73 65 74 20 2F 61 20 6E 75 6D 3D 25 72 61 6E 64 6F 6D 25 20 25 25 20 31 30 30 30 30 0D 0A 65 63 68 6F 20 59 6F 75 72
File040,9ed8f42ccba544d90543e5f82e255fac,b8c466614bb3ec0e42d6c56c601dda2b44fc7107,E:\Users\dchoi\Documents\File,BAT,40 65 63 68 6F 20 6F 66 66 0D 0A 73 65 74 20 69 6E 70 75 74 3D 68 65 6C 6C 6F 0D 0A 73 65 74 20 72 65 76 65 72 73 65 64 3D 0D 0A 66 6F 72 20 2F 6C 20
File044,58e6cf4d000a0330e09c022cf94f9be7,8318fd3c54c48db49737abadab240afb2c7fa7e3,E:\Users\dchoi\Documents\File,BAT,40 65 63 68 6F 20 6F 66 66 0D 0A 73 65 74 6C 6F 63 61 6C 20 65 6E 61 62 6C 65 64 65 6C 61 79 65 64 65 78 70 61 6E 73 69 6F 6E 0D 0A 73 65 74 20 77 6F
File050,c9ee034bbc5f70cc0246bde27c1be76f,600cc227ee8d10820ed06a214b58ea151c213371,E:\Users\dchoi\Documents\File,BAT,40 65 63 68 6F 20 6F 66 66 0D 0A 73 65 74 20 2F 61 20 63 6F 6C 6F 72 3D 25 72 61 6E 64 6F 6D 25 20 25 25 20 31 36 0D 0A 63 6F 6C 6F 72 20 25 63 6F 6C
File061,0a9bbaa0e74a6e389c73c1a18d9897ac,c4b960d9a12c103dcf41b68eedc34c1fb59e1c37,E:\Users\dchoi\Documents\File,BAT,40 65 63 68 6F 20 6F 66 66 0D 0A 73 65 74 20 2F 61 20 64 65 6C 61 79 3D 25 72 61 6E 64 6F 6D 25 20 25 25 20 35 20 2B 20 31 0D 0A 74 69 6D 65 6F 75 74
File082,559dd7a83d0d7688e334978e75d45beb,9fa22c8cb4ee7c89f6787dc7c131758bf524e13f,E:\Users\dchoi\Documents\File,BAT,40 65 63 68 6F 20 6F 66 66 0D 0A 73 65 74 20 70 61 74 68 73 3D 43 3A 5C 57 69 6E 64 6F 77 73 5C 20 43 3A 5C 55 73 65 72 73 5C 20 43 3A 5C 50 72 6F 67
File083,d324ff068ad2ee0ce710cfe951697116,5355854158f0f85378e0e61a6176f12e805af563,E:\Users\dchoi\Documents\File,BAT,40 65 63 68 6F 20 6F 66 66 0D 0A 73 65 74 20 2F 61 20 6E 75 6D 3D 25 72 61 6E 64 6F 6D 25 20 25 25 20 32 36 20 2B 20 36 35 0D 0A 66 6F 72 20 2F 66 20
File088,822123f73ba273c1a622f5d5cf32633b,3e089d46050c8b97e53a7892ff27fce5577062e9,E:\Users\dchoi\Documents\File,BAT,40 65 63 68 6F 20 6F 66 66 0D 0A 66 6F 72 20 2F 6C 20 25 25 69 20 69 6E 20 28 31 2C 31 2C 33 32 29 20 64 6F 20 28 0D 0A 20 20 20 20 73 65 74 20 2F 61
File112,c75dbb43150fd2ce4732c77ef9997def,82c0591ef8737c0e3a74a0b98e4ba4f9996f1189,E:\Users\dchoi\Documents\File,BAT,40 65 63 68 6F 20 6F 66 66 0D 0A 65 63 68 6F 20 52 61 6E 64 6F 6D 20 53 74 72 69 6E 67 3A 20 25 72 61 6E 64 6F 6D 25 0D 0A
File128,c79e9121e51d9373a410b53ae8a3d964,52bf71c606ab98d918cda1fae17ecbdaf58fe34d,E:\Users\dchoi\Documents\File,BAT,40 65 63 68 6F 20 6F 66 66 0D 0A 73 65 74 20 2F 61 20 63 6F 64 65 3D 25 72 61 6E 64 6F 6D 25 20 25 25 20 32 35 35 0D 0A 65 63 68 6F 20 45 78 69 74 69
File139,0618ec59c2401e95bc66f5f48bb46bdc,de10d7b09c2b49ae3b8beda9ee949f1cf084a519,E:\Users\dchoi\Documents\File,BAT,40 65 63 68 6F 20 6F 66 66 0D 0A 73 65 74 20 73 65 6E 74 65 6E 63 65 73 3D 48 65 6C 6C 6F 7C 48 6F 77 20 61 72 65 20 79 6F 75 3F 7C 4E 69 63 65 20 77
File147,a4da80722c9b88f6fd9261637af70098,15d07a19e6cdfeca5bec0472779a3a4258e759e2,E:\Users\dchoi\Documents\File,BAT,40 65 63 68 6F 20 6F 66 66 0D 0A 73 65 74 20 6D 65 73 73 61 67 65 3D 4C 6F 61 64 69 6E 67 20 72 61 6E 64 6F 6D 20 74 65 78 74 2E 2E 2E 0D 0A 66 6F 72
File174,a8dfc4d3598873ff3fd86e28be66108f,474981497504ac58781039c01b9d3b32b18ed191,E:\Users\dchoi\Documents\File,BAT,40 65 63 68 6F 20 6F 66 66 0D 0A 73 65 74 20 2F 61 20 61 3D 25 72 61 6E 64 6F 6D 25 20 25 25 20 31 30 30 0D 0A 73 65 74 20 2F 61 20 62 3D 25 72 61 6E
File212,4a08c4bd4d73b050f07c51d9d7192e57,df37ae666a00d846792533782a95b28b66d1320a,E:\Users\dchoi\Documents\File,BAT,40 65 63 68 6F 20 6F 66 66 0D 0A 73 65 74 20 61 64 76 69 63 65 3D 53 74 61 79 20 70 6F 73 69 74 69 76 65 2E 7C 54 61 6B 65 20 62 72 65 61 6B 73 2E 7C
File220,db631805541e0958fd9e6e3616a42c98,28b9d9f7b21ca28bf2b7e01f1da1f5a2080fe674,E:\Users\dchoi\Documents\File,BAT,40 65 63 68 6F 20 6F 66 66 0D 0A 73 65 74 20 77 6F 72 64 3D 68 65 6C 6C 6F 0D 0A 73 65 74 20 73 63 72 61 6D 62 6C 65 64 3D 0D 0A 66 6F 72 20 2F 6C 20
File038,ee65f859755a2a7aae846761cccad234,9cac09cf3f08cdfa6042d1bc8ef45cdbb1ad7f8e,E:\Users\dchoi\Documents\File,ISO,43 44 30 30 31 2E 36 0A 25 F6 E4 FC DF 0A 31 20 30 20 6F 62 6A 0A 3C 3C 0A 2F 4D 65 74 61 64 61 74 61 20 32 20 30 20 52 0A 2F 4C 61 6E 67 20 28 65 6E
File003,821094b7f221d9b915bbc55bc9530a1c,2368cdb34d96a5c5c38884ed8d125ca9832107fd,E:\Users\dchoi\Documents\File,TXT,43 6F 70 79 72 69 67 68 74 20 28 63 29 20 5B 79 65 61 72 5D 20 5B 66 75 6C 6C 6E 61 6D 65 5D 0D 0A 0D 0A 54 68 65 20 55 6E 69 76 65 72 73 61 6C 20 50
File020,2452330b9f8f2c566f6b7c54d53c711a,2fb25f4805f11d6f21f0d0b06f247ebab6799d59,E:\Users\dchoi\Documents\File,TXT,41 00 74 00 74 00 72 00 69 00 62 00 75 00 74 00 69 00 6F 00 6E 00 20 00 34 00 2E 00 30 00 20 00 49 00 6E 00 74 00 65 00 72 00 6E 00 61 00 74 00 69 00
File021,81936e46314e4a094681aa5a17eb0ed8,231b5648b1bc13c805553b5d644650f9d17422bd,E:\Users\dchoi\Documents\File,TXT,20 20 20 20 20 20 20 20 20 20 20 20 20 20 20 20 20 20 20 20 47 4E 55 20 41 46 46 45 52 4F 20 47 45 4E 45 52 41 4C 20 50 55 42 4C 49 43 20 4C 49 43 45
File026,4e5ec44fe5564450f9c1061ad18aeb38,dc447a64136642636d7aa32e50c76e2465801c5f,E:\Users\dchoi\Documents\File,TXT,20 20 20 20 20 20 20 20 20 20 20 20 20 20 20 20 20 20 20 20 47 4E 55 20 47 45 4E 45 52 41 4C 20 50 55 42 4C 49 43 20 4C 49 43 45 4E 53 45 0D 0A 20 20
File058,18039dade136470d4112c839cc043efe,6cd50628e742766f69ce4dd62c8a351b4eefc8c5,E:\Users\dchoi\Documents\File,TXT,20 00 20 00 20 00 20 00 20 00 20 00 20 00 20 00 20 00 20 00 20 00 20 00 20 00 20 00 20 00 20 00 20 00 20 00 20 00 20 00 20 00 20 00 20 00 20 00 20 00
File064,ca807e6ce43369833704d96678d19667,f53f88263eb2968f54c43bf34a4905d1c30ee469,E:\Users\dchoi\Documents\File,TXT,5B 4C 6F 63 61 6C 69 7A 65 64 46 69 6C 65 4E 61 6D 65 73 5D 0D 0A 62 69 6F 63 68 65 6D 5F 6D 65 64 2D 32 33 2D 32 2D 31 34 33 2D 33 2E 70 64 66 3D 40
File065,3ba7c71043ab870a87d59a781def60a5,baeb7379a48da8345479b809c9084eb419d38764,E:\Users\dchoi\Documents\File,TXT,49 53 43 20 4C 69 63 65 6E 73 65 0D 0A 0D 0A 43 6F 70 79 72 69 67 68 74 20 28 63 29 20 5B 79 65 61 72 5D 20 5B 66 75 6C 6C 6E 61 6D 65 5D 0D 0A 0D 0A
File086,6130cc3a7797bd20785db9a1e38246bc,c60b117808fc4e70da2fbc77f3a66da0ff9d655c,E:\Users\dchoi\Documents\File,TXT,42 53 44 20 5A 65 72 6F 20 43 6C 61 75 73 65 20 4C 69 63 65 6E 73 65 0D 0A 0D 0A 43 6F 70 79 72 69 67 68 74 20 28 63 29 20 5B 79 65 61 72 5D 20 5B 66
File091,00cf085bfe51c5de71ff776ac8257e34,5b487a6cd44e96db251408822b2f08c833f77152,E:\Users\dchoi\Documents\File,TXT,20 20 20 20 20 20 20 20 20 20 20 20 44 4F 20 57 48 41 54 20 54 48 45 20 46 55 43 4B 20 59 4F 55 20 57 41 4E 54 20 54 4F 20 50 55 42 4C 49 43 20 4C 49
File099,492b46063a1fa97a738da1a411aad4d1,a85e740b01159f63bf255c5feaa89eeb7a917766,E:\Users\dchoi\Documents\File,TXT,0A 22 31 2E 20 49 6E 73 74 61 6C 6C 20 61 6E 64 20 63 6F 6E 66 69 67 75 72 65 20 74 68 65 20 6E 65 63 65 73 73 61 72 79 20 64 65 70 65 6E 64 65 6E 63
File106,fe975f7601a2126ba0431d2e84cb71d8,9b6443c7c129555a34070863f8112406befea355,E:\Users\dchoi\Documents\File,TXT,45 00 63 00 6C 00 69 00 70 00 73 00 65 00 20 00 50 00 75 00 62 00 6C 00 69 00 63 00 20 00 4C 00 69 00 63 00 65 00 6E 00 73 00 65 00 20 00 2D 00 20 00
File110,8b17d3c1a890583d649554e66df1c9e6,8e542857954afc39520828bcdd48bf58cd3f08eb,E:\Users\dchoi\Documents\File,TXT,4D 69 63 72 6F 73 6F 66 74 20 50 75 62 6C 69 63 20 4C 69 63 65 6E 73 65 20 28 4D 73 2D 50 4C 29 0D 0A 0D 0A 54 68 69 73 20 6C 69 63 65 6E 73 65 20 67
File137,81543b22c36f10d20ac9712f8d80ef8d,892b34f7865d90a6f949f50d95e49625a10bc7f0,E:\Users\dchoi\Documents\File,TXT,42 6F 6F 73 74 20 53 6F 66 74 77 61 72 65 20 4C 69 63 65 6E 73 65 20 2D 20 56 65 72 73 69 6F 6E 20 31 2E 30 20 2D 20 41 75 67 75 73 74 20 31 37 74 68
File154,a1c1ccba318f1630f5ffbdca6cdd12b2,926b7d6b492c6f9c315cfbfbec82a7bbcad7d30b,E:\Users\dchoi\Documents\File,TXT,45 00 64 00 75 00 63 00 61 00 74 00 69 00 6F 00 6E 00 61 00 6C 00 20 00 43 00 6F 00 6D 00 6D 00 75 00 6E 00 69 00 74 00 79 00 20 00 4C 00 69 00 63 00
File157,362889c21e1a9f7404c13205ea1b9fde,5c86fc5e9473205eba78ad2f46718d01c588b502,E:\Users\dchoi\Documents\File,TXT,41 63 61 64 65 6D 69 63 20 46 72 65 65 20 4C 69 63 65 6E 73 65 20 28 22 41 46 4C 22 29 20 76 2E 20 33 2E 30 0D 0A 0D 0A 54 68 69 73 20 41 63 61 64 65
File167,dfb1b490080d1aae0067e35550910c4d,d88c7c5224c1139118602158ad1d0217210780b0,E:\Users\dchoi\Documents\File,TXT,54 68 69 73 20 69 73 20 66 72 65 65 20 61 6E 64 20 75 6E 65 6E 63 75 6D 62 65 72 65 64 20 73 6F 66 74 77 61 72 65 20 72 65 6C 65 61 73 65 64 20 69 6E
File168,cc46e3e9ef97cbdc56318ee7ff23d73e,288f748f941f87169209eb1a058034c9a83e9b48,E:\Users\dchoi\Documents\File,TXT,20 20 20 20 20 20 20 20 20 20 20 20 20 20 20 20 20 20 20 47 4E 55 20 4C 45 53 53 45 52 20 47 45 4E 45 52 41 4C 20 50 55 42 4C 49 43 20 4C 49 43 45 4E
File172,e322949af834af9a143a29625e33a4e4,018baebf31f8635703aa99d8e66ee097760a46f8,E:\Users\dchoi\Documents\File,TXT,4D 6F 7A 69 6C 6C 61 20 50 75 62 6C 69 63 20 4C 69 63 65 6E 73 65 20 56 65 72 73 69 6F 6E 20 32 2E 30 0D 0A 3D 3D 3D 3D 3D 3D 3D 3D 3D 3D 3D 3D 3D 3D
File179,130668abb2367024e10447831c36f700,6b0e6307e68f873cc4c01e3c9d02b61269784b85,E:\Users\dchoi\Documents\File,TXT,09 09 20 20 20 20 20 20 20 54 68 65 20 41 72 74 69 73 74 69 63 20 4C 69 63 65 6E 73 65 20 32 2E 30 0D 0A 0D 0A 09 20 20 20 20 43 6F 70 79 72 69 67 68
File186,cd58b4860366a300cfb76a652d6e1dbf,1376127733d1bfb923dafc1aa0d47dcd078cd97e,E:\Users\dchoi\Documents\File,TXT,4D 00 49 00 54 00 20 00 4C 00 69 00 63 00 65 00 6E 00 73 00 65 00 0D 00 0A 00 0D 00 0A 00 43 00 6F 00 70 00 79 00 72 00 69 00 67 00 68 00 74 00 20 00
File188,ce1742175ff199f4d207ac4edc013419,c7324e8cca9b6ac3a39e2baaa564d52e13966a9f,E:\Users\dchoi\Documents\File,TXT,4F 70 65 6E 20 53 6F 66 74 77 61 72 65 20 4C 69 63 65 6E 73 65 20 28 22 4F 53 4C 22 29 20 76 2E 20 33 2E 30 0D 0A 0D 0A 54 68 69 73 20 4F 70 65 6E 20
File217,f1e7f2ec19d0fd37d892e992a71fcbd6,5aa2bda8638878126e463b0f935a50d693bdbcee,E:\Users\dchoi\Documents\File,TXT,20 20 20 20 20 20 20 20 20 20 20 20 20 20 20 20 20 20 20 20 20 20 45 55 52 4F 50 45 41 4E 20 55 4E 49 4F 4E 20 50 55 42 4C 49 43 20 4C 49 43 45 4E 43
